<metadata xml:lang="en">
	<Esri>
		<CreaDate>20150417</CreaDate>
		<CreaTime>08490700</CreaTime>
		<SyncOnce>FALSE</SyncOnce>
		<SyncDate>20150624</SyncDate>
		<SyncTime>11532300</SyncTime>
		<ModDate>20150624</ModDate>
		<ModTime>11532300</ModTime>
		<DataProperties>
			<itemProps>
				<itemLocation>
					<linkage Sync="TRUE">file://\\DCP-DELL-1433\C$\MyFiles\Mappluto_15V1\MapPLUTO\cds\Queens\QN_Dcp_Mappinglot.shp</linkage>
					<protocol Sync="TRUE">Local Area Network</protocol>
				</itemLocation>
				<itemName Sync="TRUE">QN_Dcp_Mappinglot</itemName>
				<itemSize Sync="TRUE">0.040</itemSize>
				<nativeExtBox>
					<westBL Sync="TRUE">1002226.164200</westBL>
					<eastBL Sync="TRUE">1060177.590000</eastBL>
					<southBL Sync="TRUE">143328.209900</southBL>
					<northBL Sync="TRUE">226114.809900</northBL>
					<exTypeCode Sync="TRUE">1</exTypeCode>
				</nativeExtBox>
				<imsContentType Sync="TRUE">002</imsContentType>
			</itemProps>
			<coordRef>
				<type Sync="TRUE">Projected</type>
				<geogcsn Sync="TRUE">GCS_North_American_1983</geogcsn>
				<csUnits Sync="TRUE">Linear Unit: Foot_US (0.304801)</csUnits>
				<projcsn Sync="TRUE">NAD_1983_StatePlane_New_York_Long_Island_FIPS_3104_Feet</projcsn>
				<peXml Sync="TRUE">&lt;ProjectedCoordinateSystem xsi:type='typens:ProjectedCoordinateSystem' xmlns:xsi='http://www.w3.org/2001/XMLSchema-instance' xmlns:xs='http://www.w3.org/2001/XMLSchema' xmlns:typens='http://www.esri.com/schemas/ArcGIS/10.1'&gt;&lt;WKT&gt;PROJCS[&amp;quot;NAD_1983_StatePlane_New_York_Long_Island_FIPS_3104_Feet&amp;quot;,GEOGCS[&amp;quot;GCS_North_American_1983&amp;quot;,DATUM[&amp;quot;D_North_American_1983&amp;quot;,SPHEROID[&amp;quot;GRS_1980&amp;quot;,6378137.0,298.257222101]],PRIMEM[&amp;quot;Greenwich&amp;quot;,0.0],UNIT[&amp;quot;Degree&amp;quot;,0.0174532925199433]],PROJECTION[&amp;quot;Lambert_Conformal_Conic&amp;quot;],PARAMETER[&amp;quot;False_Easting&amp;quot;,984250.0],PARAMETER[&amp;quot;False_Northing&amp;quot;,0.0],PARAMETER[&amp;quot;Central_Meridian&amp;quot;,-74.0],PARAMETER[&amp;quot;Standard_Parallel_1&amp;quot;,40.66666666666666],PARAMETER[&amp;quot;Standard_Parallel_2&amp;quot;,41.03333333333333],PARAMETER[&amp;quot;Latitude_Of_Origin&amp;quot;,40.16666666666666],UNIT[&amp;quot;Foot_US&amp;quot;,0.3048006096012192],AUTHORITY[&amp;quot;EPSG&amp;quot;,2263]]&lt;/WKT&gt;&lt;XOrigin&gt;-120039300&lt;/XOrigin&gt;&lt;YOrigin&gt;-96540300&lt;/YOrigin&gt;&lt;XYScale&gt;37212589.015695661&lt;/XYScale&gt;&lt;ZOrigin&gt;-100000&lt;/ZOrigin&gt;&lt;ZScale&gt;10000&lt;/ZScale&gt;&lt;MOrigin&gt;-100000&lt;/MOrigin&gt;&lt;MScale&gt;10000&lt;/MScale&gt;&lt;XYTolerance&gt;0.0032808333333333331&lt;/XYTolerance&gt;&lt;ZTolerance&gt;0.001&lt;/ZTolerance&gt;&lt;MTolerance&gt;0.001&lt;/MTolerance&gt;&lt;HighPrecision&gt;true&lt;/HighPrecision&gt;&lt;WKID&gt;102718&lt;/WKID&gt;&lt;LatestWKID&gt;2263&lt;/LatestWKID&gt;&lt;/ProjectedCoordinateSystem&gt;</peXml>
			</coordRef>
		</DataProperties>
		<ArcGISFormat>1.0</ArcGISFormat>
		<ArcGISstyle>ISO 19139 Metadata Implementation Specification</ArcGISstyle>
		<scaleRange>
			<minScale>150000000</minScale>
			<maxScale>5000</maxScale>
		</scaleRange>
	</Esri>
	<mdLang>
		<languageCode value="eng"/>
		<countryCode value="USA" Sync="TRUE"></countryCode>
	</mdLang>
	<mdChar>
		<CharSetCd value="004"/>
	</mdChar>
	<mdHrLv>
		<ScopeCd value="005"/>
	</mdHrLv>
	<mdContact>
		<rpOrgName>NYC Department of City Planning</rpOrgName>
		<rpPosName>BYTES of the BIG APPLE Coordinator</rpPosName>
		<rpCntInfo>
			<cntPhone>
				<voiceNum>212.720.3505</voiceNum>
			</cntPhone>
			<cntAddress addressType="both">
				<delPoint>22 Reade St, 5N</delPoint>
				<city>New York</city>
				<adminArea>New York</adminArea>
				<postCode>10007</postCode>
			</cntAddress>
		</rpCntInfo>
		<role>
			<RoleCd value="007"/>
		</role>
	</mdContact>
	<distInfo>
		<distTranOps>
			<onLineSrc>
				<linkage>http://nyc.gov/html/dcp/html/bytes/applbyte.shtml</linkage>
			</onLineSrc>
			<transSize Sync="TRUE">0.040</transSize>
		</distTranOps>
		<distFormat>
			<formatName Sync="TRUE">Shapefile</formatName>
		</distFormat>
	</distInfo>
	<dataIdInfo>
		<idCitation>
			<resEd>15V1</resEd>
			<citRespParty>
				<rpOrgName>NYC Department of City Planning</rpOrgName>
				<role>
					<RoleCd value="006"/>
				</role>
			</citRespParty>
			<citRespParty>
				<rpOrgName>NYC Department of City Planning</rpOrgName>
				<role>
					<RoleCd value="010"/>
				</role>
			</citRespParty>
			<datasetSeries>
				<seriesName>BYTES of the BIG APPLE</seriesName>
				<issId>15V1</issId>
			</datasetSeries>
			<resTitle>Dcp_Mappinglot</resTitle>
			<presForm>
				<PresFormCd value="005" Sync="TRUE"></PresFormCd>
			</presForm>
		</idCitation>
		<idAbs>&lt;DIV STYLE="text-align:Left;"&gt;&lt;DIV&gt;&lt;DIV&gt;&lt;P&gt;&lt;SPAN&gt;DCP Mapping Lots includes features that are not on the Tax Map. They have been added and maintained by DCP for cartographic purpose. There are three kinds of Mapping Lots: street center 'malls' which are small road-divider type blocks separating lanes of traffic on certain streets; Traffic islands which are small traffic lane separators or pedestrian rest stop blocks other than malls (usually at intersections); streets through parks which are streets existing physically in parks but are not part of the Tax Map.&lt;/SPAN&gt;&lt;/P&gt;&lt;/DIV&gt;&lt;/DIV&gt;&lt;/DIV&gt;</idAbs>
		<idPurp>The Dcp Mappping Lots are created by DCP for cartographic purpose.</idPurp>
		<idPoC>
			<rpOrgName>NYC Department of City Planning</rpOrgName>
			<rpPosName>BYTES of the BIG APPLE Coordinator</rpPosName>
			<rpCntInfo>
				<cntPhone>
					<voiceNum>212.720.3505</voiceNum>
				</cntPhone>
				<cntAddress addressType="both">
					<delPoint>22 Reade St, 5N</delPoint>
					<city>New York</city>
					<adminArea>New York</adminArea>
					<postCode>10007</postCode>
				</cntAddress>
			</rpCntInfo>
			<role>
				<RoleCd value="007"/>
			</role>
		</idPoC>
		<themeKeys>
			<thesaName>
				<resTitle>None</resTitle>
			</thesaName>
			<keyword>Parcels</keyword>
			<keyword>Tax Lots</keyword>
			<keyword>Tax Map</keyword>
		</themeKeys>
		<searchKeys>
			<keyword>Parcels</keyword>
			<keyword>Tax Lots</keyword>
			<keyword>Tax Map</keyword>
		</searchKeys>
		<resConst>
			<LegConsts>
				<othConsts>DCP Mapping Lots files come with the MapPLUTO product which is freely available to all New York City agencies and the public</othConsts>
			</LegConsts>
		</resConst>
		<resConst>
			<Consts>
				<useLimit>&lt;DIV STYLE="text-align:Left;"&gt;&lt;DIV&gt;&lt;DIV&gt;&lt;P&gt;&lt;SPAN&gt;DCP Mapping Lots is being provided by the Department of City Planning (DCP) on DCP's website for informational purposes only. DCP does not warranty the completeness, accuracy, content, or fitness for any particular purpose or use of DCP Mapping lots, nor are any such warranties to be implied or inferred with respect to DCP Mappling lots as furnished on the website. DCP and the City are not liable for any deficiencies in the completeness, accuracy, content, or fitness for any particular purpose or use of DCP Mapping lots, or applications utilizing DCP Mapping lots, provided by any third party.&lt;/SPAN&gt;&lt;/P&gt;&lt;/DIV&gt;&lt;/DIV&gt;&lt;/DIV&gt;</useLimit>
			</Consts>
		</resConst>
		<dataLang>
			<languageCode value="eng"/>
			<countryCode value="USA" Sync="TRUE"></countryCode>
		</dataLang>
		<idCredit>NYC Department of City Planning, Information Technology Division</idCredit>
		<dataExt>
			<geoEle>
				<GeoBndBox esriExtentType="search">
					<westBL>-74.260380</westBL>
					<eastBL>-73.699206</eastBL>
					<northBL>40.485808</northBL>
					<southBL>40.917691</southBL>
				</GeoBndBox>
			</geoEle>
		</dataExt>
		<envirDesc Sync="TRUE">Microsoft Windows 7 Version 6.1 (Build 7601) Service Pack 1; Esri ArcGIS 10.2.0.3348</envirDesc>
		<spatRpType>
			<SpatRepTypCd value="001" Sync="TRUE"></SpatRepTypCd>
		</spatRpType>
	</dataIdInfo>
	<dqInfo>
		<dqScope>
			<scpLvl>
				<ScopeCd value="005"/>
			</scpLvl>
		</dqScope>
		<report type="DQQuanAttAcc">
			<measDesc>The Department of City Planning makes no assurances about the accuracy of these data.</measDesc>
		</report>
	</dqInfo>
	<eainfo>
		<detailed Name="QN_Dcp_Mappinglot">
			<enttyp>
				<enttypt Sync="TRUE">Feature Class</enttypt>
				<enttypc Sync="TRUE">70</enttypc>
				<enttypl Sync="TRUE">QN_Dcp_Mappinglot</enttypl>
			</enttyp>
			<attr>
				<attrlabl Sync="TRUE">BORO</attrlabl>
				<attalias Sync="TRUE">BORO</attalias>
				<attrtype Sync="TRUE">String</attrtype>
				<attwidth Sync="TRUE">1</attwidth>
				<attrdef>The borough that the tax lot is located in.</attrdef>
				<attrdefs>Department of City Planning - based on data from Department of Finance - RPAD Master File</attrdefs>
				<atprecis Sync="TRUE">0</atprecis>
				<attscale Sync="TRUE">0</attscale>
			</attr>
			<attr>
				<attrlabl Sync="TRUE">SHAPE_Area</attrlabl>
				<attalias Sync="TRUE">SHAPE_Area</attalias>
				<attrtype Sync="TRUE">Double</attrtype>
				<attwidth Sync="TRUE">19</attwidth>
				<attrdef Sync="TRUE">Area of feature in internal units squared.</attrdef>
				<attrdefs Sync="TRUE">ESRI</attrdefs>
				<attrdomv>
					<udom Sync="TRUE">Positive real numbers that are automatically generated.</udom>
				</attrdomv>
				<atprecis Sync="TRUE">0</atprecis>
				<attscale Sync="TRUE">0</attscale>
			</attr>
			<attr>
				<attrlabl Sync="TRUE">FID</attrlabl>
				<attalias Sync="TRUE">FID</attalias>
				<attrtype Sync="TRUE">OID</attrtype>
				<attwidth Sync="TRUE">4</attwidth>
				<attrdef Sync="TRUE">Internal feature number.</attrdef>
				<attrdefs Sync="TRUE">ESRI</attrdefs>
				<attrdomv>
					<udom Sync="TRUE">Sequential unique whole numbers that are automatically generated.</udom>
				</attrdomv>
				<atprecis Sync="TRUE">0</atprecis>
				<attscale Sync="TRUE">0</attscale>
			</attr>
			<attr>
				<attrlabl Sync="TRUE">BLOCK</attrlabl>
				<attalias Sync="TRUE">BLOCK</attalias>
				<attrtype Sync="TRUE">Integer</attrtype>
				<attwidth Sync="TRUE">9</attwidth>
				<attrdef>The tax block that the tax lot is located in.</attrdef>
				<attrdefs>Department of City Planning</attrdefs>
				<atprecis Sync="TRUE">9</atprecis>
				<attscale Sync="TRUE">0</attscale>
			</attr>
			<attr>
				<attrlabl Sync="TRUE">Shape</attrlabl>
				<attalias Sync="TRUE">Shape</attalias>
				<attrtype Sync="TRUE">Geometry</attrtype>
				<attwidth Sync="TRUE">0</attwidth>
				<attrdef Sync="TRUE">Feature geometry.</attrdef>
				<attrdefs Sync="TRUE">ESRI</attrdefs>
				<attrdomv>
					<udom Sync="TRUE">Coordinates defining the features.</udom>
				</attrdomv>
				<atprecis Sync="TRUE">0</atprecis>
				<attscale Sync="TRUE">0</attscale>
			</attr>
			<attr>
				<attrlabl Sync="TRUE">LOT</attrlabl>
				<attalias Sync="TRUE">LOT</attalias>
				<attrtype Sync="TRUE">SmallInteger</attrtype>
				<attwidth Sync="TRUE">4</attwidth>
				<attrdef>The number of the tax lot</attrdef>
				<attrdefs>Department of City Planning</attrdefs>
				<atprecis Sync="TRUE">4</atprecis>
				<attscale Sync="TRUE">0</attscale>
			</attr>
			<attr>
				<attrlabl Sync="FALSE">CREATED_BY</attrlabl>
				<attalias Sync="TRUE">CREATED_BY</attalias>
				<attrtype Sync="TRUE">String</attrtype>
				<attwidth Sync="TRUE">50</attwidth>
				<atprecis Sync="TRUE">0</atprecis>
				<attscale Sync="TRUE">0</attscale>
			</attr>
			<attr>
				<attrlabl Sync="FALSE">CREATED_DA</attrlabl>
				<attalias Sync="TRUE">CREATED_DA</attalias>
				<attrtype Sync="TRUE">Date</attrtype>
				<attwidth Sync="TRUE">8</attwidth>
				<atprecis Sync="TRUE">0</atprecis>
				<attscale Sync="TRUE">0</attscale>
			</attr>
			<attr>
				<attrlabl Sync="FALSE">LAST_MODIF</attrlabl>
				<attalias Sync="TRUE">LAST_MODIF</attalias>
				<attrtype Sync="TRUE">String</attrtype>
				<attwidth Sync="TRUE">50</attwidth>
				<atprecis Sync="TRUE">0</atprecis>
				<attscale Sync="TRUE">0</attscale>
			</attr>
			<attr>
				<attrlabl Sync="FALSE">LAST_MOD_1</attrlabl>
				<attalias Sync="TRUE">LAST_MOD_1</attalias>
				<attrtype Sync="TRUE">Date</attrtype>
				<attwidth Sync="TRUE">8</attwidth>
				<atprecis Sync="TRUE">0</atprecis>
				<attscale Sync="TRUE">0</attscale>
			</attr>
			<attr>
				<attrlabl Sync="TRUE">SHAPE_Leng</attrlabl>
				<attalias Sync="TRUE">SHAPE_Leng</attalias>
				<attrtype Sync="TRUE">Double</attrtype>
				<attwidth Sync="TRUE">19</attwidth>
				<atprecis Sync="TRUE">0</atprecis>
				<attscale Sync="TRUE">0</attscale>
			</attr>
		</detailed>
	</eainfo>
	<mdHrLvName Sync="TRUE">dataset</mdHrLvName>
	<refSysInfo>
		<RefSystem>
			<refSysID>
				<identCode code="2263" Sync="TRUE"></identCode>
				<idCodeSpace Sync="TRUE">EPSG</idCodeSpace>
				<idVersion Sync="TRUE">8.1.1</idVersion>
			</refSysID>
		</RefSystem>
	</refSysInfo>
	<spatRepInfo>
		<VectSpatRep><geometObjs Name="QN_Dcp_Mappinglot"><geoObjTyp><GeoObjTypCd value="002" Sync="TRUE"></GeoObjTypCd></geoObjTyp><geoObjCnt Sync="TRUE">70</geoObjCnt></geometObjs><topLvl><TopoLevCd value="001" Sync="TRUE"></TopoLevCd></topLvl></VectSpatRep></spatRepInfo>
	<spdoinfo>
		<ptvctinf><esriterm Name="QN_Dcp_Mappinglot"><efeatyp Sync="TRUE">Simple</efeatyp><efeageom code="4" Sync="TRUE"></efeageom><esritopo Sync="TRUE">FALSE</esritopo><efeacnt Sync="TRUE">70</efeacnt><spindex Sync="TRUE">TRUE</spindex><linrefer Sync="TRUE">FALSE</linrefer></esriterm></ptvctinf></spdoinfo>
	<mdDateSt Sync="TRUE">20150624</mdDateSt>
</metadata>
